--
-- PostgreSQL database dump
--

-- Dumped from database version 9.2.4
-- Dumped by pg_dump version 9.2.4
-- Started on 2013-12-15 19:29:49

SET statement_timeout = 0;
SET client_encoding = 'UTF8';
SET standard_conforming_strings = on;
SET check_function_bodies = false;
SET client_min_messages = warning;

SET search_path = public, pg_catalog;

--
-- TOC entry 2080 (class 0 OID 35436)
-- Dependencies: 173
-- Data for Name: auth_group; Type: TABLE DATA; Schema: public; Owner: admin_and_today
--



--
-- TOC entry 2106 (class 0 OID 0)
-- Dependencies: 172
-- Name: auth_group_id_seq; Type: SEQUENCE SET; Schema: public; Owner: admin_and_today
--

SELECT pg_catalog.setval('auth_group_id_seq', 1, false);


--
-- TOC entry 2088 (class 0 OID 35501)
-- Dependencies: 181
-- Data for Name: django_content_type; Type: TABLE DATA; Schema: public; Owner: admin_and_today
--

INSERT INTO django_content_type (id, name, app_label, model) VALUES (1, 'permission', 'auth', 'permission');
INSERT INTO django_content_type (id, name, app_label, model) VALUES (2, 'group', 'auth', 'group');
INSERT INTO django_content_type (id, name, app_label, model) VALUES (3, 'user', 'auth', 'user');
INSERT INTO django_content_type (id, name, app_label, model) VALUES (4, 'content type', 'contenttypes', 'contenttype');
INSERT INTO django_content_type (id, name, app_label, model) VALUES (5, 'session', 'sessions', 'session');
INSERT INTO django_content_type (id, name, app_label, model) VALUES (6, 'site', 'sites', 'site');
INSERT INTO django_content_type (id, name, app_label, model) VALUES (7, 'migration history', 'south', 'migrationhistory');
INSERT INTO django_content_type (id, name, app_label, model) VALUES (8, 'Post', 'core', 'post');
INSERT INTO django_content_type (id, name, app_label, model) VALUES (9, 'Domaine', 'core', 'domaine');
INSERT INTO django_content_type (id, name, app_label, model) VALUES (10, 'log entry', 'admin', 'logentry');


--
-- TOC entry 2076 (class 0 OID 35411)
-- Dependencies: 169
-- Data for Name: auth_permission; Type: TABLE DATA; Schema: public; Owner: admin_and_today
--

INSERT INTO auth_permission (id, name, content_type_id, codename) VALUES (1, 'Can add permission', 1, 'add_permission');
INSERT INTO auth_permission (id, name, content_type_id, codename) VALUES (2, 'Can change permission', 1, 'change_permission');
INSERT INTO auth_permission (id, name, content_type_id, codename) VALUES (3, 'Can delete permission', 1, 'delete_permission');
INSERT INTO auth_permission (id, name, content_type_id, codename) VALUES (4, 'Can add group', 2, 'add_group');
INSERT INTO auth_permission (id, name, content_type_id, codename) VALUES (5, 'Can change group', 2, 'change_group');
INSERT INTO auth_permission (id, name, content_type_id, codename) VALUES (6, 'Can delete group', 2, 'delete_group');
INSERT INTO auth_permission (id, name, content_type_id, codename) VALUES (7, 'Can add user', 3, 'add_user');
INSERT INTO auth_permission (id, name, content_type_id, codename) VALUES (8, 'Can change user', 3, 'change_user');
INSERT INTO auth_permission (id, name, content_type_id, codename) VALUES (9, 'Can delete user', 3, 'delete_user');
INSERT INTO auth_permission (id, name, content_type_id, codename) VALUES (10, 'Can add content type', 4, 'add_contenttype');
INSERT INTO auth_permission (id, name, content_type_id, codename) VALUES (11, 'Can change content type', 4, 'change_contenttype');
INSERT INTO auth_permission (id, name, content_type_id, codename) VALUES (12, 'Can delete content type', 4, 'delete_contenttype');
INSERT INTO auth_permission (id, name, content_type_id, codename) VALUES (13, 'Can add session', 5, 'add_session');
INSERT INTO auth_permission (id, name, content_type_id, codename) VALUES (14, 'Can change session', 5, 'change_session');
INSERT INTO auth_permission (id, name, content_type_id, codename) VALUES (15, 'Can delete session', 5, 'delete_session');
INSERT INTO auth_permission (id, name, content_type_id, codename) VALUES (16, 'Can add site', 6, 'add_site');
INSERT INTO auth_permission (id, name, content_type_id, codename) VALUES (17, 'Can change site', 6, 'change_site');
INSERT INTO auth_permission (id, name, content_type_id, codename) VALUES (18, 'Can delete site', 6, 'delete_site');
INSERT INTO auth_permission (id, name, content_type_id, codename) VALUES (19, 'Can add migration history', 7, 'add_migrationhistory');
INSERT INTO auth_permission (id, name, content_type_id, codename) VALUES (20, 'Can change migration history', 7, 'change_migrationhistory');
INSERT INTO auth_permission (id, name, content_type_id, codename) VALUES (21, 'Can delete migration history', 7, 'delete_migrationhistory');
INSERT INTO auth_permission (id, name, content_type_id, codename) VALUES (22, 'Can add Post', 8, 'add_post');
INSERT INTO auth_permission (id, name, content_type_id, codename) VALUES (23, 'Can change Post', 8, 'change_post');
INSERT INTO auth_permission (id, name, content_type_id, codename) VALUES (24, 'Can delete Post', 8, 'delete_post');
INSERT INTO auth_permission (id, name, content_type_id, codename) VALUES (25, 'Can add Domaine', 9, 'add_domaine');
INSERT INTO auth_permission (id, name, content_type_id, codename) VALUES (26, 'Can change Domaine', 9, 'change_domaine');
INSERT INTO auth_permission (id, name, content_type_id, codename) VALUES (27, 'Can delete Domaine', 9, 'delete_domaine');
INSERT INTO auth_permission (id, name, content_type_id, codename) VALUES (28, 'Can add log entry', 10, 'add_logentry');
INSERT INTO auth_permission (id, name, content_type_id, codename) VALUES (29, 'Can change log entry', 10, 'change_logentry');
INSERT INTO auth_permission (id, name, content_type_id, codename) VALUES (30, 'Can delete log entry', 10, 'delete_logentry');


--
-- TOC entry 2078 (class 0 OID 35421)
-- Dependencies: 171
-- Data for Name: auth_group_permissions; Type: TABLE DATA; Schema: public; Owner: admin_and_today
--



--
-- TOC entry 2107 (class 0 OID 0)
-- Dependencies: 170
-- Name: auth_group_permissions_id_seq; Type: SEQUENCE SET; Schema: public; Owner: admin_and_today
--

SELECT pg_catalog.setval('auth_group_permissions_id_seq', 1, false);


--
-- TOC entry 2108 (class 0 OID 0)
-- Dependencies: 168
-- Name: auth_permission_id_seq; Type: SEQUENCE SET; Schema: public; Owner: admin_and_today
--

SELECT pg_catalog.setval('auth_permission_id_seq', 36, true);


--
-- TOC entry 2086 (class 0 OID 35481)
-- Dependencies: 179
-- Data for Name: auth_user; Type: TABLE DATA; Schema: public; Owner: admin_and_today
--

INSERT INTO auth_user (id, password, last_login, is_superuser, username, first_name, last_name, email, is_staff, is_active, date_joined) VALUES (1, 'pbkdf2_sha256$12000$ortsEUjA1cm1$BPrntG0NmYnfeuW32y95Io4fhpvInYrfPPYofsVWJbo=', '2013-12-10 18:12:34.149164+01', true, 'test', '', '', '', true, true, '2013-12-10 18:11:58.632133+01');


--
-- TOC entry 2082 (class 0 OID 35451)
-- Dependencies: 175
-- Data for Name: auth_user_groups; Type: TABLE DATA; Schema: public; Owner: admin_and_today
--



--
-- TOC entry 2109 (class 0 OID 0)
-- Dependencies: 174
-- Name: auth_user_groups_id_seq; Type: SEQUENCE SET; Schema: public; Owner: admin_and_today
--

SELECT pg_catalog.setval('auth_user_groups_id_seq', 1, false);


--
-- TOC entry 2110 (class 0 OID 0)
-- Dependencies: 178
-- Name: auth_user_id_seq; Type: SEQUENCE SET; Schema: public; Owner: admin_and_today
--

SELECT pg_catalog.setval('auth_user_id_seq', 1, true);


--
-- TOC entry 2084 (class 0 OID 35466)
-- Dependencies: 177
-- Data for Name: auth_user_user_permissions; Type: TABLE DATA; Schema: public; Owner: admin_and_today
--



--
-- TOC entry 2111 (class 0 OID 0)
-- Dependencies: 176
-- Name: auth_user_user_permissions_id_seq; Type: SEQUENCE SET; Schema: public; Owner: admin_and_today
--

SELECT pg_catalog.setval('auth_user_user_permissions_id_seq', 1, false);


--
-- TOC entry 2095 (class 0 OID 35569)
-- Dependencies: 188
-- Data for Name: core_domaine; Type: TABLE DATA; Schema: public; Owner: admin_and_today
--

INSERT INTO core_domaine (id, intitule_domaine) VALUES (1, 'Sciences');
INSERT INTO core_domaine (id, intitule_domaine) VALUES (2, 'Technologie');
INSERT INTO core_domaine (id, intitule_domaine) VALUES (3, 'Histoire');
INSERT INTO core_domaine (id, intitule_domaine) VALUES (4, 'People');
INSERT INTO core_domaine (id, intitule_domaine) VALUES (5, 'Arts');
INSERT INTO core_domaine (id, intitule_domaine) VALUES (6, 'Loisirs');
INSERT INTO core_domaine (id, intitule_domaine) VALUES (7, 'Société');


--
-- TOC entry 2112 (class 0 OID 0)
-- Dependencies: 187
-- Name: core_domaine_id_seq; Type: SEQUENCE SET; Schema: public; Owner: admin_and_today
--

SELECT pg_catalog.setval('core_domaine_id_seq', 7, true);


--
-- TOC entry 2099 (class 0 OID 36064)
-- Dependencies: 192
-- Data for Name: core_pays; Type: TABLE DATA; Schema: public; Owner: admin_and_today
--

INSERT INTO core_pays (id, code_pays, nom_pays) VALUES (1, 'FRAN', 'France');
INSERT INTO core_pays (id, code_pays, nom_pays) VALUES (2, 'ET-U', 'Etats-Unis');
INSERT INTO core_pays (id, code_pays, nom_pays) VALUES (3, 'ALLE', 'Allemagne');
INSERT INTO core_pays (id, code_pays, nom_pays) VALUES (0, '---', '----');


--
-- TOC entry 2113 (class 0 OID 0)
-- Dependencies: 191
-- Name: core_pays_id_seq; Type: SEQUENCE SET; Schema: public; Owner: admin_and_today
--

SELECT pg_catalog.setval('core_pays_id_seq', 3, true);


--
-- TOC entry 2093 (class 0 OID 35561)
-- Dependencies: 186
-- Data for Name: core_post; Type: TABLE DATA; Schema: public; Owner: admin_and_today
--

INSERT INTO core_post (id, contenu, date, domaine_id, journee_generique, recopie_tel_quel, date_creation, pays_id) VALUES (11, 'Décès d''Alfred Nobel ', '1896-12-10', 1, false, false, '2013-12-11', 1);
INSERT INTO core_post (id, contenu, date, domaine_id, journee_generique, recopie_tel_quel, date_creation, pays_id) VALUES (14, 'Première planète en dehors du système solaire découverte', '1984-12-10', 1, false, false, '2013-12-11', 1);
INSERT INTO core_post (id, contenu, date, domaine_id, journee_generique, recopie_tel_quel, date_creation, pays_id) VALUES (15, 'Le prix Nobel est décerné à Yitzhak Rabin, Shimon Peres et Yasser Arafat', '1994-12-10', 3, false, false, '2013-12-11', 1);
INSERT INTO core_post (id, contenu, date, domaine_id, journee_generique, recopie_tel_quel, date_creation, pays_id) VALUES (12, 'Adoption de la déclaration universelle des droits de l''homme par l''ONU', '1948-12-10', 3, false, false, '2013-12-11', 1);
INSERT INTO core_post (id, contenu, date, domaine_id, journee_generique, recopie_tel_quel, date_creation, pays_id) VALUES (16, 'Naissance de Gonzalo Higuaín footballeur franco-argentin', '1987-12-10', 4, false, false, '2013-12-11', 1);
INSERT INTO core_post (id, contenu, date, domaine_id, journee_generique, recopie_tel_quel, date_creation, pays_id) VALUES (17, 'Sortie du jeu Doom sur PC, dont la violence scandalise.', '1993-12-10', 7, false, false, '2013-12-11', 1);
INSERT INTO core_post (id, contenu, date, domaine_id, journee_generique, recopie_tel_quel, date_creation, pays_id) VALUES (18, 'Jour de l''érable à sucre ... une recette ?', '2013-12-11', 6, true, false, '2013-12-11', 1);
INSERT INTO core_post (id, contenu, date, domaine_id, journee_generique, recopie_tel_quel, date_creation, pays_id) VALUES (13, ' Jean Henri Dunant, Frederic Passy', '1901-12-10', 1, false, false, '2013-12-11', 1);
INSERT INTO core_post (id, contenu, date, domaine_id, journee_generique, recopie_tel_quel, date_creation, pays_id) VALUES (19, 'Il reste 20 jours avant la fin de l''année', '2013-12-11', 7, true, false, '2013-12-11', 1);
INSERT INTO core_post (id, contenu, date, domaine_id, journee_generique, recopie_tel_quel, date_creation, pays_id) VALUES (20, 'Le 11 décembre 1582 n''existe pas en France ... pour cause d''adoption de calendrier grégorien.', '1582-12-11', 3, false, false, '2013-12-11', 1);
INSERT INTO core_post (id, contenu, date, domaine_id, journee_generique, recopie_tel_quel, date_creation, pays_id) VALUES (21, 'Début du procès de Louis XVI devant la Convention.', '1792-12-11', 3, false, false, '2013-12-11', 1);
INSERT INTO core_post (id, contenu, date, domaine_id, journee_generique, recopie_tel_quel, date_creation, pays_id) VALUES (22, 'L''UNICEF est créée par les Nations unies.', '1946-12-11', 3, false, false, '2013-12-11', 1);
INSERT INTO core_post (id, contenu, date, domaine_id, journee_generique, recopie_tel_quel, date_creation, pays_id) VALUES (23, 'Adoption du protocole de Kyoto par 159 pays, avec l''objectif de réduire l''émission de gaz à effet de serre.', '1997-12-11', 7, false, true, '2013-12-11', 1);
INSERT INTO core_post (id, contenu, date, domaine_id, journee_generique, recopie_tel_quel, date_creation, pays_id) VALUES (9, 'élection de Louis-Napoléon Bonaparte à la présidence de la République.', '1848-12-10', 3, false, false, '2013-12-11', 1);
INSERT INTO core_post (id, contenu, date, domaine_id, journee_generique, recopie_tel_quel, date_creation, pays_id) VALUES (10, 'La France adopte le mètre comme unité officielle de longueur. ', '1799-12-10', 1, false, false, '2013-12-11', 1);


--
-- TOC entry 2114 (class 0 OID 0)
-- Dependencies: 185
-- Name: core_post_id_seq; Type: SEQUENCE SET; Schema: public; Owner: admin_and_today
--

SELECT pg_catalog.setval('core_post_id_seq', 23, true);


--
-- TOC entry 2097 (class 0 OID 35589)
-- Dependencies: 190
-- Data for Name: django_admin_log; Type: TABLE DATA; Schema: public; Owner: admin_and_today
--

INSERT INTO django_admin_log (id, action_time, user_id, content_type_id, object_id, object_repr, action_flag, change_message) VALUES (1, '2013-12-10 18:55:36.083842+01', 1, 9, '5', 'Domaine : Arts', 2, 'No fields changed.');
INSERT INTO django_admin_log (id, action_time, user_id, content_type_id, object_id, object_repr, action_flag, change_message) VALUES (2, '2013-12-10 23:24:39.271685+01', 1, 8, '10', 'Contenu : La France adopte le mètre, domaine : ', 1, '');
INSERT INTO django_admin_log (id, action_time, user_id, content_type_id, object_id, object_repr, action_flag, change_message) VALUES (3, '2013-12-10 23:27:08.469218+01', 1, 8, '11', 'Contenu : Décès d''Alfred Nobel , domaine : ', 1, '');
INSERT INTO django_admin_log (id, action_time, user_id, content_type_id, object_id, object_repr, action_flag, change_message) VALUES (4, '2013-12-10 23:29:23.926966+01', 1, 8, '12', 'Contenu : Adoption de la déclaratio, domaine : ', 1, '');
INSERT INTO django_admin_log (id, action_time, user_id, content_type_id, object_id, object_repr, action_flag, change_message) VALUES (5, '2013-12-10 23:32:56.221109+01', 1, 8, '10', 'Contenu : La France adopte le mètre, domaine : ', 2, 'Changed date.');
INSERT INTO django_admin_log (id, action_time, user_id, content_type_id, object_id, object_repr, action_flag, change_message) VALUES (6, '2013-12-10 23:49:42.544667+01', 1, 8, '13', 'Contenu :  Jean Henri Dunant, Frede, domaine : ', 1, '');
INSERT INTO django_admin_log (id, action_time, user_id, content_type_id, object_id, object_repr, action_flag, change_message) VALUES (7, '2013-12-10 23:51:27.516671+01', 1, 8, '14', 'Contenu : Première planète en dehor, domaine : ', 1, '');
INSERT INTO django_admin_log (id, action_time, user_id, content_type_id, object_id, object_repr, action_flag, change_message) VALUES (8, '2013-12-10 23:52:40.218829+01', 1, 8, '15', 'Contenu : Le prix Nobel est décerné, domaine : ', 1, '');
INSERT INTO django_admin_log (id, action_time, user_id, content_type_id, object_id, object_repr, action_flag, change_message) VALUES (9, '2013-12-11 00:08:11.139075+01', 1, 8, '10', 'Contenu : La France adopte le mètre, domaine : ', 2, 'Changed contenu.');
INSERT INTO django_admin_log (id, action_time, user_id, content_type_id, object_id, object_repr, action_flag, change_message) VALUES (10, '2013-12-11 12:29:05.290746+01', 1, 8, '10', 'Contenu : La France adopte le mètre, domaine : ', 2, 'Changed date.');
INSERT INTO django_admin_log (id, action_time, user_id, content_type_id, object_id, object_repr, action_flag, change_message) VALUES (11, '2013-12-11 12:29:12.945183+01', 1, 8, '11', 'Contenu : Décès d''Alfred Nobel , domaine : ', 2, 'Changed date.');
INSERT INTO django_admin_log (id, action_time, user_id, content_type_id, object_id, object_repr, action_flag, change_message) VALUES (12, '2013-12-11 12:29:20.098593+01', 1, 8, '13', 'Contenu :  Jean Henri Dunant, Frede, domaine : ', 2, 'Changed date.');
INSERT INTO django_admin_log (id, action_time, user_id, content_type_id, object_id, object_repr, action_flag, change_message) VALUES (13, '2013-12-11 12:29:26.227943+01', 1, 8, '12', 'Contenu : Adoption de la déclaratio, domaine : ', 2, 'Changed date.');
INSERT INTO django_admin_log (id, action_time, user_id, content_type_id, object_id, object_repr, action_flag, change_message) VALUES (14, '2013-12-11 12:29:32.487301+01', 1, 8, '14', 'Contenu : Première planète en dehor, domaine : ', 2, 'Changed date.');
INSERT INTO django_admin_log (id, action_time, user_id, content_type_id, object_id, object_repr, action_flag, change_message) VALUES (15, '2013-12-11 12:29:38.535647+01', 1, 8, '15', 'Contenu : Le prix Nobel est décerné, domaine : ', 2, 'Changed date.');
INSERT INTO django_admin_log (id, action_time, user_id, content_type_id, object_id, object_repr, action_flag, change_message) VALUES (16, '2013-12-11 14:13:19.119444+01', 1, 8, '15', 'Contenu : Le prix Nobel est décerné, domaine : ', 2, 'No fields changed.');
INSERT INTO django_admin_log (id, action_time, user_id, content_type_id, object_id, object_repr, action_flag, change_message) VALUES (17, '2013-12-11 14:13:42.068757+01', 1, 8, '12', 'Contenu : Adoption de la déclaratio, domaine : ', 2, 'No fields changed.');
INSERT INTO django_admin_log (id, action_time, user_id, content_type_id, object_id, object_repr, action_flag, change_message) VALUES (18, '2013-12-11 17:37:05.053728+01', 1, 8, '16', 'Date : 10 Dec 1987    , domaine : People   , contenu tronqué : Gonzalo H', 1, '');
INSERT INTO django_admin_log (id, action_time, user_id, content_type_id, object_id, object_repr, action_flag, change_message) VALUES (19, '2013-12-11 17:37:40.510756+01', 1, 8, '16', 'Date : 10 Dec 1987    , domaine : People   , contenu tronqué : Naissance', 2, 'Changed contenu.');
INSERT INTO django_admin_log (id, action_time, user_id, content_type_id, object_id, object_repr, action_flag, change_message) VALUES (20, '2013-12-11 17:39:52.382298+01', 1, 8, '10', 'Date : 10 Dec 1799    , domaine : Sciences   , contenu tronqué : La France', 2, 'No fields changed.');
INSERT INTO django_admin_log (id, action_time, user_id, content_type_id, object_id, object_repr, action_flag, change_message) VALUES (21, '2013-12-11 19:43:53.426902+01', 1, 9, '6', 'Loisirs', 1, '');
INSERT INTO django_admin_log (id, action_time, user_id, content_type_id, object_id, object_repr, action_flag, change_message) VALUES (22, '2013-12-11 19:44:03.480477+01', 1, 8, '17', 'Date : 10 Dec 1993    , domaine : Sciences   , contenu tronqué : Sortie du', 1, '');
INSERT INTO django_admin_log (id, action_time, user_id, content_type_id, object_id, object_repr, action_flag, change_message) VALUES (23, '2013-12-11 19:44:12.356984+01', 1, 8, '17', 'Date : 10 Dec 1993    , domaine : Loisirs   , contenu tronqué : Sortie du', 2, 'Changed domaine.');
INSERT INTO django_admin_log (id, action_time, user_id, content_type_id, object_id, object_repr, action_flag, change_message) VALUES (24, '2013-12-11 19:57:49.688733+01', 1, 9, '7', 'Société', 1, '');
INSERT INTO django_admin_log (id, action_time, user_id, content_type_id, object_id, object_repr, action_flag, change_message) VALUES (25, '2013-12-11 19:57:55.559069+01', 1, 8, '18', 'Date : 11 Dec 2013    , domaine : Loisirs   , contenu tronqué : Jour de l', 1, '');
INSERT INTO django_admin_log (id, action_time, user_id, content_type_id, object_id, object_repr, action_flag, change_message) VALUES (26, '2013-12-11 19:58:07.140731+01', 1, 8, '17', 'Date : 10 Dec 1993    , domaine : Société   , contenu tronqué : Sortie du', 2, 'Changed domaine.');
INSERT INTO django_admin_log (id, action_time, user_id, content_type_id, object_id, object_repr, action_flag, change_message) VALUES (27, '2013-12-11 19:58:14.662161+01', 1, 8, '17', 'Date : 10 Dec 1993    , domaine : Société   , contenu tronqué : Sortie du', 2, 'No fields changed.');
INSERT INTO django_admin_log (id, action_time, user_id, content_type_id, object_id, object_repr, action_flag, change_message) VALUES (28, '2013-12-11 20:00:11.205827+01', 1, 8, '18', 'Date : 11 Dec 2013    , domaine : Loisirs   , contenu tronqué : Jour de l', 2, 'Changed journee_generique.');
INSERT INTO django_admin_log (id, action_time, user_id, content_type_id, object_id, object_repr, action_flag, change_message) VALUES (29, '2013-12-11 20:01:02.510762+01', 1, 8, '13', 'Date : 10 Dec 1901    , domaine : Sciences   , contenu tronqué :  Jean Hen', 2, 'No fields changed.');
INSERT INTO django_admin_log (id, action_time, user_id, content_type_id, object_id, object_repr, action_flag, change_message) VALUES (30, '2013-12-11 20:02:21.755294+01', 1, 8, '19', 'Date : 11 Dec 2013    , domaine : Société   , contenu tronqué : Il reste ', 1, '');
INSERT INTO django_admin_log (id, action_time, user_id, content_type_id, object_id, object_repr, action_flag, change_message) VALUES (31, '2013-12-11 20:04:00.966969+01', 1, 8, '20', 'Date : 11 Dec 1582    , domaine : Histoire   , contenu tronqué : Le 11 déc', 1, '');
INSERT INTO django_admin_log (id, action_time, user_id, content_type_id, object_id, object_repr, action_flag, change_message) VALUES (32, '2013-12-11 20:05:07.168756+01', 1, 8, '21', 'Date : 11 Dec 1792    , domaine : Histoire   , contenu tronqué : Début du ', 1, '');
INSERT INTO django_admin_log (id, action_time, user_id, content_type_id, object_id, object_repr, action_flag, change_message) VALUES (33, '2013-12-11 20:06:06.116127+01', 1, 8, '22', 'Date : 11 Dec 1946    , domaine : Histoire   , contenu tronqué : L''UNICEF ', 1, '');
INSERT INTO django_admin_log (id, action_time, user_id, content_type_id, object_id, object_repr, action_flag, change_message) VALUES (34, '2013-12-11 20:08:16.219569+01', 1, 8, '23', 'Date : 11 Dec 1997    , domaine : Société   , contenu tronqué : Adoption ', 1, '');


--
-- TOC entry 2115 (class 0 OID 0)
-- Dependencies: 189
-- Name: django_admin_log_id_seq; Type: SEQUENCE SET; Schema: public; Owner: admin_and_today
--

SELECT pg_catalog.setval('django_admin_log_id_seq', 34, true);


--
-- TOC entry 2116 (class 0 OID 0)
-- Dependencies: 180
-- Name: django_content_type_id_seq; Type: SEQUENCE SET; Schema: public; Owner: admin_and_today
--

SELECT pg_catalog.setval('django_content_type_id_seq', 12, true);


--
-- TOC entry 2089 (class 0 OID 35514)
-- Dependencies: 182
-- Data for Name: django_session; Type: TABLE DATA; Schema: public; Owner: admin_and_today
--

INSERT INTO django_session (session_key, session_data, expire_date) VALUES ('7aysf5x84r7uy1ndgrc12skjouoyixr1', 'ZTkwOTBiMTA5ODY4M2EzNjMyYTQ0MDk1YmRlMjNiOGNkZTgzMmQ0Mzp7Il9hdXRoX3VzZXJfaWQiOjEsIl9hdXRoX3VzZXJfYmFja2VuZCI6ImRqYW5nby5jb250cmliLmF1dGguYmFja2VuZHMuTW9kZWxCYWNrZW5kIn0=', '2013-12-24 18:12:34.154164+01');


--
-- TOC entry 2091 (class 0 OID 35524)
-- Dependencies: 184
-- Data for Name: django_site; Type: TABLE DATA; Schema: public; Owner: admin_and_today
--

INSERT INTO django_site (id, domain, name) VALUES (1, 'example.com', 'example.com');


--
-- TOC entry 2117 (class 0 OID 0)
-- Dependencies: 183
-- Name: django_site_id_seq; Type: SEQUENCE SET; Schema: public; Owner: admin_and_today
--

SELECT pg_catalog.setval('django_site_id_seq', 1, true);


--
-- TOC entry 2101 (class 0 OID 36266)
-- Dependencies: 194
-- Data for Name: south_migrationhistory; Type: TABLE DATA; Schema: public; Owner: admin_and_today
--

INSERT INTO south_migrationhistory (id, app_name, migration, applied) VALUES (1, 'core', '0001_initial', '2013-12-11 23:22:12.677136+01');


--
-- TOC entry 2118 (class 0 OID 0)
-- Dependencies: 193
-- Name: south_migrationhistory_id_seq; Type: SEQUENCE SET; Schema: public; Owner: admin_and_today
--

SELECT pg_catalog.setval('south_migrationhistory_id_seq', 1, true);


-- Completed on 2013-12-15 19:29:54

--
-- PostgreSQL database dump complete
--

